,id,user_id,type,created_at,created_at_UTC,subreddit_name,lang,text_wordcount,bd_diagnosis_post,mentions_bd,in_mh_subreddit,subreddit_type,WC,posemo,anx,anger,sad,i
0,0,0,c,2006-03-04 13:45:49+00:00,04.03.2006 23:45,bipolar,en,3,TRUE,FALSE,TRUE,bd,2,50,0,0,0,0
1,1,1,c,2006-05-27 06:20:37+00:00,27.05.2006 16:20,depression,en,73,TRUE,FALSE,TRUE,mh,69,2.9,0,0,0,0
2,2,1,c,2006-05-31 06:46:33+00:00,31.05.2006 16:46,askReddit,en,41,FALSE,FALSE,FALSE,other,36,0,0,2.78,0,2.78
3,3,1,c,2016-05-29 00:12:40+00:00,29.05.2016 10:12,askReddit,en,263,FALSE,FALSE,FALSE,other,241,1.24,1.24,0,1.24,0.83
4,4,1,c,2016-06-08 08:50:01+00:00,08.06.2016 18:50,askReddit,en,128,FALSE,FALSE,FALSE,other,112,0.89,0,0.89,0,0
5,5,1,s,2016-06-09 23:39:35+00:00,09.06.2016 09:39,askReddit,en,241,FALSE,FALSE,FALSE,other,218,7.8,0,0,1.38,1.83
6,6,1,c,2006-07-11 00:38:22+00:00,11.07.2006 10:38,psychosis,en,63,FALSE,FALSE,TRUE,mh,58,1.72,1.72,0,3.45,0
7,7,1,c,2006-12-11 05:51:07+00:00,11.12.2006 15:51,psychosis,en,252,FALSE,TRUE,TRUE,mh,232,5.6,0,3.02,1.72,0.43
8,8,1,c,2012-06-14 00:22:12+00:00,14.06.2012 10:22,bipolarReddit,en,104,FALSE,FALSE,TRUE,bd,97,1.03,0,1.03,1.03,1.03
9,9,2,c,2006-06-14 06:36:44+00:00,14.06.2006 16:36,askReddit,en,147,FALSE,FALSE,FALSE,other,133,3.01,0.75,0,0,1.5
10,10,2,c,2006-05-27 06:20:37+00:00,27.05.2006 16:20,depression,en,73,TRUE,FALSE,TRUE,mh,69,2.9,0,0,0,0
11,11,2,c,2006-05-31 06:46:33+00:00,31.05.2006 16:46,askReddit,en,41,FALSE,FALSE,FALSE,other,36,0,0,2.78,0,2.78
12,12,2,c,2016-05-29 00:12:40+00:00,29.05.2016 10:12,askReddit,en,263,FALSE,FALSE,FALSE,other,241,1.24,1.24,0,1.24,0.83
13,13,2,c,2016-06-08 08:50:01+00:00,08.06.2016 18:50,askReddit,en,128,FALSE,FALSE,FALSE,other,112,0.89,0,0.89,0,0
14,14,2,s,2016-06-09 23:39:35+00:00,09.06.2016 09:39,askReddit,en,241,FALSE,FALSE,FALSE,other,218,7.8,0,0,1.38,1.83
15,15,2,c,2006-07-11 00:38:22+00:00,11.07.2006 10:38,psychosis,en,63,FALSE,FALSE,TRUE,mh,58,1.72,1.72,0,3.45,0
16,16,2,c,2006-12-11 05:51:07+00:00,11.12.2006 15:51,psychosis,en,252,FALSE,TRUE,TRUE,mh,232,5.6,0,3.02,1.72,0.43
17,17,2,c,2012-06-14 00:22:12+00:00,14.06.2012 10:22,bipolarReddit,en,104,FALSE,FALSE,TRUE,bd,97,1.03,0,1.03,1.03,1.03
18,18,3,c,2006-05-27 06:20:37+00:00,27.05.2006 16:20,news,en,73,FALSE,FALSE,FALSE,other,69,2.9,0,0,0,0
19,19,3,c,2006-05-31 06:46:33+00:00,31.05.2006 16:46,politics,en,41,TRUE,FALSE,FALSE,other,36,0,0,2.78,0,2.78
20,20,3,c,2016-05-29 00:12:40+00:00,29.05.2016 10:12,politics,en,263,FALSE,FALSE,FALSE,other,241,1.24,1.24,0,1.24,0.83
21,21,3,c,2016-06-08 08:50:01+00:00,08.06.2016 18:50,politics,en,128,FALSE,FALSE,FALSE,other,112,0.89,0,0.89,0,0
22,22,3,s,2016-06-09 23:39:35+00:00,09.06.2016 09:39,politics,en,241,FALSE,FALSE,FALSE,other,218,7.8,0,0,1.38,1.83
23,23,3,c,2006-07-11 00:38:22+00:00,11.07.2006 10:38,politics,en,63,FALSE,FALSE,FALSE,other,58,1.72,1.72,0,3.45,0
24,24,3,c,2006-12-11 05:51:07+00:00,11.12.2006 15:51,politics,en,252,FALSE,TRUE,FALSE,other,232,5.6,0,3.02,1.72,0.43
25,25,3,c,2012-06-14 00:22:12+00:00,14.06.2012 10:22,politics,en,104,FALSE,FALSE,FALSE,other,97,1.03,0,1.03,1.03,1.03
26,26,4,c,2006-05-27 06:20:37+00:00,27.05.2006 16:20,news,en,73,FALSE,FALSE,FALSE,other,97,1.03,0,1.03,1.03,1.03
27,27,4,c,2006-05-31 06:46:33+00:00,31.05.2006 16:46,politics,en,41,TRUE,FALSE,FALSE,other,133,3.01,0.75,0,0,1.5
28,28,4,c,2016-05-29 00:12:40+00:00,29.05.2016 10:12,politics,en,263,FALSE,FALSE,FALSE,other,69,2.9,0,0,0,0
29,29,4,c,2016-06-08 08:50:01+00:00,08.06.2016 18:50,politics,en,128,FALSE,FALSE,FALSE,other,36,0,0,2.78,0,2.78
30,30,4,c,2016-06-09 23:39:35+00:00,09.06.2016 09:39,politics,en,241,FALSE,FALSE,FALSE,other,241,1.24,1.24,0,1.24,0.83
31,31,4,c,2006-07-11 00:38:22+00:00,11.07.2006 10:38,politics,en,63,FALSE,FALSE,FALSE,other,112,0.89,0,0.89,0,0
32,32,4,c,2006-12-11 05:51:07+00:00,11.12.2006 15:51,politics,en,252,FALSE,TRUE,FALSE,other,218,7.8,0,0,1.38,1.83
33,33,4,c,2012-06-14 00:22:12+00:00,14.06.2012 10:22,politics,en,104,FALSE,FALSE,FALSE,other,58,1.72,1.72,0,3.45,0
